1,Anna Renata,,annarenata@example.com,,,2023-04-11 00:00:00,2023-04-11 00:00:00
2,Cilmara,,cilmara@example.com,,,2023-04-11 00:00:00,2023-04-11 00:00:00
3,Divani,,divani@example.com,,,2023-04-11 00:00:00,2023-04-11 00:00:00
4,Érica,,erica@example.com,,,2023-04-11 00:00:00,2023-04-11 00:00:00
5,Francisco,,francisco@example.com,,,2023-04-11 00:00:00,2023-04-11 00:00:00
6,Jean,,jean@example.com,,,2023-04-11 00:00:00,2023-04-11 00:00:00
7,José Geraldo,,josegeraldo@example.com,,,2023-04-11 00:00:00,2023-04-11 00:00:00
8,Luis Felipe,,luisfelipe@example.com,,,2023-04-11 00:00:00,2023-04-11 00:00:00
9,Luiz Evangelista,,luizevangelista@example.com,,,2023-04-11 00:00:00,2023-04-11 00:00:00
10,Manuela,,manuela@example.com,,,2023-04-11 00:00:00,2023-04-11 00:00:00
11,Marcos Allan,,marcosallan@example.com,,,2023-04-11 00:00:00,2023-04-11 00:00:00
12,Michel,,michel@example.com,,,2023-04-11 00:00:00,2023-04-11 00:00:00
13,Pedro Jacob,,pedrojacob@example.com,,,2023-04-11 00:00:00,2023-04-11 00:00:00
14,Ronaldo,,ronaldo@example.com,,,2023-04-11 00:00:00,2023-04-11 00:00:00
15,Wagner,,wagner@example.com,,,2023-04-11 00:00:00,2023-04-11 00:00:00
16,Zanetti,,zanetti@example.com,,,2023-04-11 00:00:00,2023-04-11 00:00:00
17,Isaac,Correia Gonçalves,isaaaacxqweccgoxgfrdawdrei@gmail.com,38,3,2023-04-11 20:35:05.99,2023-04-11 20:35:05.99
18,Isaac,Correia Gonçalves,isaaaacxqweccgoxgfrdawdrqweei@gmail.com,39,3,2023-04-11 20:35:11.577,2023-04-11 20:35:11.577
19,Isaac,Correia Gonçalves,isaaaacxqsweccgoxgfrdawdrqweei@gmail.com,41,3,2023-04-11 20:38:39.513,2023-04-11 20:38:39.513
20,Isaac,Gonçalves,isaac.correisa.2s406@gmail.com,43,"",2023-04-11 20:41:07.335,2023-04-11 20:41:07.335
21,Isaac,Gonçalves,isaac.correisa.2dds406@gmail.com,44,"",2023-04-11 20:41:50.695,2023-04-11 20:41:50.695
22,Isaac,Gonçalves,isaac.correisa.2dds4dd06@gmail.com,45,"",2023-04-11 20:44:53.177,2023-04-11 20:44:53.177
